{
  "lang":"en",
  "name":"pipeline",
  "version":"0.0.0",
  "spacy_version":">=3.7.4,<3.8.0",
  "description":"",
  "author":"",
  "email":"",
  "url":"",
  "license":"",
  "spacy_git_version":"bff8725f4",
  "vectors":{
    "width":0,
    "vectors":0,
    "keys":0,
    "name":null,
    "mode":"default"
  },
  "labels":{
    "tok2vec":[

    ],
    "ner":[
      "DRUG"
    ]
  },
  "pipeline":[
    "tok2vec",
    "ner"
  ],
  "components":[
    "tok2vec",
    "ner"
  ],
  "disabled":[

  ],
  "performance":{
    "ents_f":0.9261343651,
    "ents_p":0.9297316384,
    "ents_r":0.9225648213,
    "ents_per_type":{
      "DRUG":{
        "p":0.9297316384,
        "r":0.9225648213,
        "f":0.9261343651
      }
    },
    "tok2vec_loss":548.7795878288,
    "ner_loss":88.5890154724
  }
}